Karthic,12000,true,9986767389,karthi@gmail.com,OW01,Wayanad
Surya,15000,true,9078435698,surya@gmail.com,OW01,Wayanad
Tamil,20000,true,7945123458,tamil@gmail.com,OW01,Varkala
Kabil,13000,true,9812345678,kabil@gmail.com,OW01,Varkala
Hari,17000,true,9012357543,hari@gmail.com,OW01,Kochi
sabari,10000,true,9876456778,Sabari@gmail.com,OW01,tenkasi
,9000,true,,gh@gmail.com,OW07,tenkasi
Kathir,9000,true,,kathir@gmail.com,OW07,pudur
Geeva,9000,true,9078563423,j@gmail.com,OW07,hsbd
